player_name,nba_id
LeBron James,2544
John Stockton,304
Kevin Garnett,708
Michael Jordan,893
Nikola Jokic,203999
Chris Paul,101108
Joel Embiid,203954
Tim Duncan,1495
Manu Ginobili,1938
Stephen Curry,201939
Shaquille O'Neal,406
Kawhi Leonard,202695
Dirk Nowitzki,1717
Jayson Tatum,1628369
Draymond Green,203110
David Robinson,764
Paul George,202331
Detlef Schrempf,96
Giannis Antetokounmpo,203507
Dikembe Mutombo,87
Vlade Divac,124
James Harden,201935
Kevin Durant,201142
Paul Pierce,1718
Arvydas Sabonis,717
Steve Nash,959
Clyde Drexler,17
Rasheed Wallace,739
Jason Kidd,467
Jeff Hornacek,204
Reggie Miller,397
Franz Wagner,1630532
Jrue Holiday,201950
Damian Lillard,203081
Vince Carter,1713
Sam Perkins,64
Jimmy Butler,202710
Baron Davis,1884
Alonzo Mourning,297
Karl Malone,252
Rudy Gobert,203497
Mike Conley,201144
Kyle Lowry,200768
Nene,2403
Charles Barkley,787
Terry Porter,345
Karl-Anthony Towns,1626157
Ron Harper,166
George Hill,201588
Alex Caruso,1627936
Ray Allen,951
Derrick White,1628401
Toni Kukoc,389
Luol Deng,2736
Paul Millsap,200794
Brandon Roy,200750
Eddie Jones,224
Yao Ming,2397
Sam Cassell,208
Lamar Odom,1885
Shane Battier,2203
Metta World Peace,1897
Kristaps Porzingis,204001
Chet Holmgren,1631096
Andrei Kirilenko,1905
Andre Iguodala,2738
Otto Porter Jr.,203490
Rashard Lewis,1740
Joe Dumars,247
Bo Outlaw,448
Mitch Richmond,782
Tony Allen,2754
Immanuel Quickley,1630193
Ben Wallace,1112
Ricky Rubio,201937
Scottie Pippen,937
Horace Grant,270
Devin Booker,1626164
Fred VanVleet,1627832
Kobe Bryant,977
LaMarcus Aldridge,200746
Blake Griffin,201933
Gary Payton,56
Khris Middleton,203114
Luka Doncic,1629029
Derek Fisher,965
Tracy McGrady,1503
Ja Morant,1629630
Al Horford,201143
Herbert Jones,1630529
Josh Howard,2572
Jarrett Allen,1628386
Michael Kidd-Gilchrist,203077
Dwyane Wade,2548
Shawn Marion,1890
Amir Johnson,101161
Robert Horry,109
Kyrie Irving,202681
Steven Adams,203500
Aaron Gordon,203932
Jonathan Isaac,1628371
Anthony Davis,203076
Andrew Bogut,101106
John Starks,317
Danny Green,201980
Dan Majerle,105
Chris Andersen,2365
Chuck Hayes,101236
Isaiah Hartenstein,1628392
Pablo Prigioni,203143
Donovan Mitchell,1628378
Robert Covington,203496
Andre Miller,1889
Nikola Mirotic,202703
Jusuf Nurkic,203994
Patrick Beverley,201976
Jeff Foster,1902
Tim Hardaway,896
Peja Stojakovic,978
Pascal Siakam,1627783
Danilo Gallinari,201568
Jon Barry,468
Greg Minor,65
Pau Gasol,2200
Desmond Bane,1630217
Hakeem Olajuwon,165
Anthony Parker,1515
Tyrone Corbin,895
Gilbert Arenas,2240
Hedo Turkoglu,2045
Shai Gilgeous-Alexander,1628983
Kevin Huerter,1628989
Kevin Love,201567
Darrell Armstrong,353
Marc Gasol,201188
Gerald Wallace,2222
Tari Eason,1631106
Mikal Bridges,1628969
Mitchell Robinson,1629011
Chris Bosh,2547
DeMarre Carroll,201960
Bam Adebayo,1628389
Walker Kessler,1631117
Eric Bledsoe,202339
Jamal Murray,1627750
Jerome Kersey,760
Jose Alvarado,1630631
Joe Ingles,204060
Boban Marjanovic,1626246
Jalen Brunson,1628973
Gheorghe Muresan,49
Grant Hill,255
Darius Garland,1629636
Brandin Podziemski,1641764
Andre Roberson,203460
Brian Cardinal,2073
Zion Williamson,1629627
Anderson Varejao,2760
De'Anthony Melton,1629001
Pero Antic,203544
Javonte Green,1629750
Chris Mullin,904
Gordon Hayward,202330
Terence Davis,1629056
Isaiah Joe,1630198
Bradley Beal,203078
Kenyon Martin,2030
Dereck Lively II,1641726
Dillon Brooks,1628415
Kemba Walker,202689
Kenrich Williams,1629026
Mookie Blaylock,302
Brad Miller,1802
LaMelo Ball,1630163
OG Anunoby,1628384
Ersan Ilyasova,101141
Charlie Ward,369
JJ Redick,200755
Cody Zeller,203469
Chauncey Billups,1497
Jakob Poeltl,1627751
Thaddeus Young,201152
Dwight Howard,2730
Greg Oden,201141
Alperen Sengun,1630578
Russell Westbrook,201566
Ben Simmons,1627732
Luc Mbah a Moute,201601
Iman Shumpert,202697
Jared Dudley,201162
Thabo Sefolosha,200757
Royce O'Neale,1626220
Anthony Edwards,1630162
Mike Dunleavy,2399
Buck Williams,433
Patty Mills,201988
Nick Calathes,201979
Marcus Smart,203935
Jared Sullinger,203096
Nick Collison,2555
Serge Ibaka,201586
Domantas Sabonis,1627734
Bruce Bowen,1477
Mario Elie,53
Myles Turner,1626167
CJ McCollum,203468
Taj Gibson,201959
Luguentz Dort,1629652
Nemanja Bjelica,202357
Tyson Chandler,2199
Allen Iverson,947
Davis Bertans,202722
Montrezl Harrell,1626149
Dennis Rodman,23
Kyle Korver,2594
Obi Toppin,1630167
Steve Francis,1883
Ty Lawson,201951
Chris Boucher,1628449
Hot Rod Williams,73
Goga Bitadze,1629048
Aaron McKie,243
Tiago Splitter,201168
Patrick Patterson,202335
Matt Bonner,2588
Tony Bradley,1628396
Cuttino Mobley,1749
Kurt Thomas,703
P.J. Tucker,200782
Brook Lopez,201572
P.J. Brown,136
Goran Dragic,201609
Terry Mills,371
Robert Williams III,1629057
Hassan Whiteside,202355
Paolo Banchero,1631094
Ronnie Brewer,200758
Evan Mobley,1630596
Scot Pollard,1513
Aaron Holiday,1628988
Brent Barry,699
Dorian Finney-Smith,1627827
Malcolm Brogdon,1627763
Jae Crowder,203109
Shawn Bradley,762
Greg Ostertag,731
Jalen Duren,1631105
Bobby Phills,184
Jock Landale,1629111
Kenneth Faried,202702
Kelly Olynyk,203482
Rik Smits,22
Trae Young,1629027
Duncan Robinson,1629130
Deron Williams,101114
Kevon Looney,1626172
Jamario Moon,200081
Kevin Johnson,134
Lauri Markkanen,1628374
Joe Johnson,2207
Matt Barnes,2440
Bogdan Bogdanovic,203992
Sam Hauser,1630573
Dejounte Murray,1627749
Victor Oladipo,203506
Jerome Williams,966
Jalen Williams,1631114
Ryan Bowen,1763
Delon Wright,1626153
Michael Porter Jr.,1629008
Matt Bullard,672
Rudy Fernandez,201164
Keegan Murray,1631099
Darius Miles,2032
Justise Winslow,1626159
Boris Diaw,2564
Danny Granger,101122
Clint Capela,203991
Reggie Jackson,202704
Brandon Ingram,1627742
Antawn Jamison,1712
Ime Udoka,2137
Zydrunas Ilgauskas,980
Lucas Nogueira,203512
Terrell Brandon,210
Darius Songaila,2443
Danny Ferry,198
Anthony Tolliver,201229
Isaiah Stewart,1630191
Anthony Gill,1630264
T.J. Ford,2551
Josh Hart,1628404
Isaac Bonga,1629067
Kerry Kittles,954
Dan Schayes,7
John Konchar,1629723
Chris Copeland,203142
Marcin Gortat,101162
DeMarcus Cousins,202326
Jason Terry,1891
Popeye Jones,461
Klay Thompson,202691
Doug Christie,57
Hersey Hawkins,765
Jason Richardson,2202
Victor Wembanyama,1641705
Mark Jackson,349
Carmelo Anthony,2546
Brendan Haywood,2217
Kentavious Caldwell-Pope,203484
Austin Reaves,1630559
Frank Ntilikina,1628373
Al-Farouq Aminu,202329
Tayshaun Prince,2419
Jaren Jackson,1114
Omer Asik,201600
John Wall,202322
Channing Frye,101112
Quentin Richardson,2047
Nate McMillan,203
John Collins,1628381
Chris Mills,168
Jason Thompson,201574
Isaiah Thomas,202738
DeAndre Jordan,201599
Josh Smith,2746
Andrew Bynum,101115
Walt Williams,1005
Lonzo Ball,1628366
Mason Plumlee,203486
Anfernee Hardaway,358
Rudy Gay,200752
Rod Strickland,393
Ryan Anderson,201583
Bones Hyland,1630538
Monte Morris,1628420
Charles Oakley,891
Dyson Daniels,1630700
Eric Snow,727
Raul Neto,203526
Antonio Davis,213
Derrick Rose,201565
Shawn Kemp,431
Dale Davis,905
Eduardo Najera,2059
Landry Shamet,1629013
Tomas Satoransky,203107
Chandler Parsons,202718
Jamal Mashburn,469
Vladimir Radmanovic,2209
Nikola Pekovic,201593
Byron Scott,2
Ante Zizic,1627790
Jameer Nelson,2749
Tyrese Haliburton,1630169
Raef LaFrentz,1711
Bryon Russell,935
Jaylen Brown,1627759
Tony Parker,2225
Seth Curry,203552
Andre Drummond,203083
Dell Curry,209
Coby White,1629632
Derek Anderson,1507
Matthew Dellavedova,203521
Trevor Ariza,2772
Eric Piatkowski,15
Stephen Jackson,1536
Bobby Jackson,1517
Richard Hamilton,1888
DeMar DeRozan,201942
Dwight Powell,203939
Luke Kennard,1628379
Nicolas Batum,201587
Day'Ron Sharpe,1630549
Theo Ratliff,689
Wesley Person,445
Mike James,1628455
Milos Teodosic,1628462
Raul Lopez,2221
Wesley Matthews,202083
Aron Baynes,203382
Chris Webber,185
Devin Harris,2734
Dale Ellis,107
Darrick Martin,239
Tre Jones,1630200
Landry Fields,202361
Josh Green,1630182
Keith Askins,173
Clifford Robinson,361
Greivis Vasquez,202349
James Posey,1899
Paul Reed,1630194
Jeremy Lamb,203087
Amar'e Stoudemire,2405
Jaren Jackson Jr.,1628991
Scott Burrell,197
Salah Mejri,1626257
Luke Walton,2575
Rodney McGruder,203585
Lavoy Allen,202730
Isaiah Whitehead,1627785
Chase Budinger,201978
Kyle Anderson,203937
Darren Collison,201954
Max Strus,1629622
Mike Bibby,1710
Zaza Pachulia,2585
Adrian Griffin,1559
De'Aaron Fox,1628368
Larry Johnson,913
Chris Johnson,203187
Raymond Felton,101109
Donte DiVincenzo,1628978
Furkan Korkmaz,1627788
Scott Padgett,1909
JR Smith,2747
Eric Gordon,201569
James Jones,2592
Jermaine O'Neal,979
Tyus Jones,1626145
Brad Wanamaker,202954
Deni Avdija,1630166
Chris Dudley,201
Marcus Camby,948
Nikola Vucevic,202696
Rasho Nesterovic,1725
Rondae Hollis-Jefferson,1626178
Keith Van Horn,1496
Jon Brockman,201972
Daniel Theis,1628464
Ryan Kelly,203527
Reggie Bullock Jr.,203493
Marko Jaric,2060
Willie Reed,203186
Dion Waiters,203079
Kirk Hinrich,2550
Joakim Noah,201149
George Lynch,248
Latrell Sprewell,84
Lindsey Hunter,283
Michael Redd,2072
Cody Martin,1628998
Rodions Kurucs,1629066
Harvey Grant,265
Enes Freedom,202683
Mike Miller,2034
Dean Wade,1629731
Gordan Giricek,1921
Ruben Patterson,1739
Derek Strong,400
PJ Dozier,1628408
Antonio Daniels,1498
Carlos Delfino,2568
Bobby Simmons,2250
Jordan Bell,1628395
Quentin Grimes,1629656
Kyrylo Fesenko,201178
Darius Miller,203121
Roy Hibbert,201579
Cameron Payne,1626166
Derrick Coleman,934
Evan Fournier,203095
Elton Brand,1882
Antonio McDyess,686
Daniel Gibson,200789
Austin Croshere,1506
Tyus Edney,721
Jared Jeffries,2407
Naji Marshall,1630230
Gary Payton II,1627780
Zach Collins,1628380
Jason Collins,2215
Muggsy Bogues,177
Omri Casspi,201956
Dante Exum,203957
Todd Day,103
P.J. Washington,1629023
Kenny Anderson,72
Terry Cummings,187
Isaac Okoro,1630171
Buddy Hield,1627741
Jorge Garbajosa,200816
Keon Clark,1721
Yogi Ferrell,1627812
Leon Powe,200796
Eddie Robinson,1944
Onyeka Okongwu,1630168
Rodney Rogers,915
Sam Dekker,1626155
Josh McRoberts,201177
Mike James,1628455
Cameron Johnson,1629661
Steve Kerr,70
Matisse Thybulle,1629680
Damon Jones,1800
Stacey Augmon,278
Lucious Harris,446
Shaun Livingston,2733
Julian Wright,201153
Beno Udrih,2757
Gustavo Ayon,202970
Courtney Lee,201584
Cade Cunningham,1630595
Zach Randolph,2216
Tyrese Maxey,1630178
David Wesley,133
Eric Williams,677
Trey Lyles,1626168
Avery Johnson,422
Aaron Wiggins,1630598
Ekpe Udoh,202327
Miles Bridges,1628970
Nick Anderson,98
Brevin Knight,1510
David West,2561
Svi Mykhailiuk,1629004
Jalen Smith,1630188
Jeremy Lin,202391
Ochai Agbaji,1630534
Danuel House Jr.,1627863
C.J. Watson,201228
Dario Saric,203967
Tobias Harris,202699
Spencer Dinwiddie,203915
Quincy Pondexter,202347
Pat Connaughton,1626192
Jarred Vanderbilt,1629020
AJ Griffin,1631100
Lou Williams,101150
Larry Nance Jr.,1626204
Glenn Robinson,299
Wally Szczerbiak,1887
JT Thor,1630550
Keith Bogans,2586
Mitchell Butler,348
Trajan Langdon,1892
Caris LeVert,1627747
Anthony Morrow,201627
Eddie Johnson,698
Corliss Williamson,722
Gary Harris,203914
Tyler Herro,1629639
Sherman Douglas,428
CJ Miles,101139
Josh Okogie,1629006
Sasha Vujacic,2756
Mickael Gelabale,101153
Jaden McDaniels,1630183
Dennis Scott,192
Wenyen Gabriel,1629117
Terry Davis,426
Scottie Barnes,1630567
Cory Joseph,202709
Jud Buechler,146
Richie Frahm,2499
Wendell Carter Jr.,1628976
Ervin Johnson,911
Mickael Pietrus,2554
Earl Watson,2248
Brandan Wright,201148
Fabricio Oberto,101177
Wilson Chandler,201163
Andrew DeClercq,692
Jason Maxiell,101131
Jim McIlvaine,29
Terance Mann,1629611
Steve Blake,2581
Jerry Stackhouse,711
Dennis Schroder,203471
Caleb Martin,1628997
Langston Galloway,204038
Aaron Nesmith,1630174
Mike Muscala,203488
Marcus Morris Sr.,202694
Tyrone Hill,238
Leandro Barbosa,2571
Walter McCarty,962
Khem Birch,203920
Josh Huestis,203962
Linas Kleiza,101132
Derrick Favors,202324
Hamidou Diallo,1628977
Malik Beasley,1627736
Avery Bradley,202340
Ben Gordon,2732
Mario Chalmers,201596
Casey Jacobsen,2418
Othella Harrington,970
Jalen Suggs,1630591
Brandon Jennings,201943
Mark Madsen,2058
Kelvin Cato,1509
Derrick Jones Jr.,1627884
Quincy Miller,203113
Jonas Jerebko,201973
Jeff Withey,203481
Ronny Turiaf,101142
Cason Wallace,1641717
Mikki Moore,1630
Marquis Daniels,2605
Tyreke Evans,201936
Raja Bell,1952
Mehmet Okur,2246
Charlie Bell,2294
Calbert Cheaney,384
Mirza Teletovic,203141
Emanual Davis,1023
Corey Brewer,201147
Al Harrington,1733
Tony Farmer,1108
Michael Sweetney,2552
Monta Ellis,101145
Isaiah Jackson,1630543
Fred Hoiberg,697
Adam Keefe,228
David Lee,101135
Oshae Brissett,1629052
Tyrone Wallace,1627820
Frank Kaminsky,1626163
Marvin Williams,101107
Pat Garrity,1727
Damion Lee,1627814
Greg Anthony,21
Henry Walker,201611
Tim Hardaway Jr.,203501
Bonzi Wells,1719
Matt Maloney,1074
Kyle O'Quinn,203124
Elijah Millsap,202407
Renaldo Balkman,200764
Jeremy Sochan,1631110
Jonas Valanciunas,202685
Morris Peterson,2050
Wes Iwundu,1628411
Danny Manning,330
Chuck Person,456
Ish Wainright,1630688
Josh Giddey,1630581
Travis Best,696
Kedrick Brown,2208
Shandon Anderson,1000
Ish Smith,202397
Jordan Farmar,200770
Payton Pritchard,1630202
Jabari Smith Jr.,1631095
Nic Claxton,1629651
Brian Cook,2567
Chris Duhon,2768
Kendall Gill,383
Maxi Kleber,1628467
Caron Butler,2406
Tim Thomas,1501
Grant Long,3
Kendrick Perkins,2570
Julius Randle,203944
Christian Laettner,363
Gabe Vincent,1629216
Shabazz Napier,203894
Allan Houston,275
Solomon Hill,203524
Corey Maggette,1894
AJ Price,201985
Tyler Ulis,1627755
Dewayne Dedmon,203473
Georges Niang,1627777
Vince Williams Jr.,1631246
Jamaal Tinsley,2224
Markieff Morris,202693
Brandon Clarke,1629634
Jabari Parker,203953
Rashad McCants,101119
Josh Richardson,1626196
Richaun Holmes,1626158
Matt Harpring,1723
Greg Monroe,202328
Cole Anthony,1630175
Grant Williams,1629684
Rodney Stuckey,201155
Daniel Ewing,101137
Don Reid,690
Bojan Bogdanovic,202711
Jim Jackson,754
Sean May,101118
Keldon Johnson,1629640
Evan Eschmeyer,1915
Bruce Brown,1628971
Richard Jefferson,2210
Jevon Carter,1628975
Lee Mayberry,195
Jose Calderon,101181
John Thomas,1519
Dana Barros,344
Hamed Haddadi,201632
Mark Williams,1631109
Jalen McDaniels,1629667
Moses Moody,1630541
Derrick McKey,365
Kevin Martin,2755
Quinton Ross,2624
Luke Kornet,1628436
Robin Lopez,201577
Nikola Jovic,1631107
Chris Childs,164
Malcolm Delaney,1627098
Santi Aldama,1630583
Alexey Shved,203144
Malik Sealy,907
Harrison Barnes,203084
Joe Harris,203925
Elfrid Payton,203901
Rex Chapman,364
Isaiah Rider,375
Jeff Teague,201952
Trey Murphy III,1630530
Andris Biedrins,2740
Tarik Black,204028
Jamie Feick,994
Ivica Zubac,1627826
Chris Singleton,202698
Reggie Jordan,674
Delonte West,2753
David Nwaba,1628021
Mark West,770
Jodie Meeks,201975
Willie Cauley-Stein,1626161
Nate Robinson,101126
Christian Wood,1626174
Luther Head,101129
Austin Rivers,203085
Darrell Arthur,201589
Joe Smith,693
Jamal Crawford,2037
Moochie Norris,983
Stephon Marbury,950
Jordan Poole,1629673
Tyler Zeller,203092
Devean George,1904
Rafer Alston,1747
Matt Geiger,761
Bobby Portis,1626171
Greg Buckner,1761
Jaylen Nowell,1629669
T.J. McConnell,204456
Daequan Cook,201161
MarShon Brooks,202705
Miles McBride,1630540
Festus Ezeli,203105
Jonathan Kuminga,1630228
Randy Livingston,988
Mychal Mulder,1628539
Donte Greene,201590
Alec Burks,202692
Caleb Houstan,1631216
Mark Price,899
Andrew Wiggins,203952
Patrick Williams,1630172
Cartier Martin,201858
Michael Dickerson,1722
Kyle Singler,202713
Rajon Rondo,200765
Ivan Johnson,201274
Sean Elliott,251
Terrence Ross,203082
Devonte' Graham,1628984
Isaiah Taylor,1627819
Lance Stephenson,202362
Ronnie Price,101179
Jarell Martin,1626185
Tom Gugliotta,339
Speedy Claxton,2049
Keyon Dooling,2039
Scott Williams,281
De'Andre Hunter,1629631
Alan Anderson,101187
Bison Dele,183
Ausar Thompson,1641709
Carlos Boozer,2430
Kris Dunn,1627739
Dan Gadzuric,2429
Tremaine Fowlkes,1762
Duop Reath,1641871
David Harrison,2758
Marvin Bagley III,1628963
Anthony Carter,1853
Jalen Rose,147
Chucky Atkins,1088
Eddie Griffin,2204
Jeff Ayres,201965
Carlos Arroyo,2306
Rick Fox,296
Phil Pressey,203515
Quincy Acy,203112
James Johnson,201949
Timofey Mozgov,202389
Michael Finley,714
Luis Scola,2449
Damon Stoudamire,757
Sekou Doumbouya,1629635
Tre Mann,1630544
Toumani Camara,1641739
J.J. Barea,200826
Mike Scott,203118
David Benoit,128
Deandre Ayton,1629028
Jae'Sean Tate,1630256
Jordan McRae,203895
Devin Vassell,1630170
Emeka Okafor,2731
Daniel Gafford,1629655
Luc Longley,26
Erick Strickland,1065
Khalid Reeves,234
Roger Mason Jr.,2427
Ayo Dosunmu,1630245
Precious Achiuwa,1630173
George McCloud,45
Johnny Newman,271
Bennedict Mathurin,1631097
Andrew Nembhard,1629614
Xavier Henry,202333
Shawne Williams,200761
Jaime Jaquez Jr.,1631170
Sergey Karasev,203508
David Andersen,2431
Joel Przybilla,2038
Jarron Collins,2260
Antoine Carr,156
Will Perdue,781
DerMarr Johnson,2035
Saddiq Bey,1630180
Rodney Hood,203918
Jamaal Magloire,2048
Anthony Johnson,1533
Joey Dorsey,201595
Jordan McLaughlin,1629162
KJ McDaniels,203909
Vinny Del Negro,219
Luke Babbitt,202337
Kevin Edwards,236
Arron Afflalo,201167
Toney Douglas,201962
Erick Dampier,956
Bob Sura,682
Frank Jackson,1628402
Naz Reid,1629675
Wayne Ellington,201961
Kirk Snyder,2745
John Crotty,180
Donyell Marshall,923
T.J. Warren,203933
Billy Owens,182
A.C. Green,920
Vernon Maxwell,137
Xavier McDaniel,1365
James Singleton,101189
Brian Scalabrine,2243
Jaylin Williams,1631119
Shareef Abdur-Rahim,949
Gerald Green,101123
Lindy Waters III,1630322
Joel Anthony,201202
Dominique Wilkins,1122
Jerome James,1744
Troy Brown Jr.,1628972
Sindarius Thornwell,1628414
Yakhouba Diawara,200821
Mike Wilks,2366
Al Jefferson,2744
Haywoode Workman,906
Mo Williams,2590
Ian Mahinmi,101133
Jonathon Simmons,203613
Melvin Ely,2408
Shaquille Harrison,1627885
DeJuan Blair,201971
Blue Edwards,898
Edmond Sumner,1628410
Sasha Pavlovic,2562
Kira Lewis Jr.,1630184
Chris Chiozza,1629185
Maurice Evans,2230
Voshon Lenard,702
Sam Mack,694
Michael Carter-Williams,203487
Andray Blatche,101154
Ron Baker,1627758
Tracy Murray,145
Robert Traylor,1714
Rick Mahorn,328
Zeljko Rebraca,1442
Anthony Peeler,324
Udonis Haslem,2617
Walter Herrmann,200835
Dragan Bender,1627733
JaVale McGee,201580
Michael Beasley,201563
Francisco Garcia,101128
Brian Grant,258
Xavier Tillman,1630214
Vincent Yarbrough,2428
Anfernee Simons,1629014
Andrew Harrison,1626150
Markelle Fultz,1628365
Trevor Booker,202344
Nick Van Exel,89
Alex Abrines,203518
Kelenna Azubuike,101235
Shaedon Sharpe,1631101
Kosta Koufos,201585
Anthony Mason,193
Chris Kaman,2549
Nassir Little,1629642
Skal Labissiere,1627746
Tyler Ennis,203898
Jay Williams,2398
Jalen Johnson,1630552
Trent Forrest,1630235
Tyler Johnson,204020
Juan Toscano-Anderson,1629308
Chris Duarte,1630537
Joey Graham,101121
Elden Campbell,922
Jannero Pargo,2457
Rui Hachimura,1629060
Todd MacCulloch,1928
Jabari Walker,1631133
Damjan Rudez,204014
Willy Hernangomez,1626195
Garrett Temple,202066
Jumaine Jones,1908
Antoine Walker,952
Anthony Lamb,1630237
Bol Bol,1629626
Chris Quinn,200809
Trey Burke,203504
Jerami Grant,203924
Marcus Williams,200766
Nenad Krstic,2420
Romeo Langford,1629641
Brent Price,85
Martell Webster,101110
Von Wafer,101144
Olden Polynice,178
Chris Gatling,423
Denzel Valentine,1627756
Kessler Edwards,1630556
Michael Doleac,1720
D'Angelo Russell,1626156
JaMychal Green,203210
Donatas Motiejunas,202700
Kevin Porter Jr.,1629645
Chris Whitney,43
Dorell Wright,2748
Shavlik Randolph,101183
RJ Barrett,1629628
Gerald Henderson,201945
Amen Thompson,1641708
Rodrigue Beaubois,201958
Chucky Brown,359
Garrison Mathews,1629726
Joel Freeland,200777
Steve Novak,200779
Ed Davis,202334
GG Jackson,1641713
Wesley Johnson,202325
Travis Diener,101143
Tony Battie,1499
James Ennis III,203516
Talen Horton-Tucker,1629659
Dennis Smith Jr.,1628372
Matt Thomas,1629744
Tyrus Thomas,200748
Simone Fontecchio,1631323
Christian Braun,1631128
Jordan Clarkson,203903
Gorgui Dieng,203476
Kelan Martin,1629103
Salim Stoudamire,101136
Marco Belinelli,201158
Shelvin Mack,202714
Ricky Pierce,894
Obinna Ekezie,1918
Tony Delk,960
Justin Holiday,203200
Bryce Drew,1724
Larry Sanders,202336
Nickeil Alexander-Walker,1629638
Allen Crabbe,203459
Ramon Sessions,201196
Jarvis Hayes,2553
Rick Brunson,1594
John Salmons,2422
Reggie Evans,2501
Mahmoud Abdul-Rauf,51
Hasheem Thabeet,201934
Felipe Lopez,1732
Andres Nocioni,2804
Ray McCallum,203492
Joshua Primo,1630563
Stephen Graham,101211
Zach LaVine,203897
Sergio Rodriguez,200771
Juancho Hernangomez,1627823
Vin Baker,452
Samuel Dalembert,2223
Jake Tsakalidis,2054
James Anderson,202341
Meyers Leonard,203086
Francisco Elson,1922
JaKarr Sampson,203960
Larry Hughes,1716
Ben McLemore,203463
Robbie Hummel,203133
Bobby Hurley,310
Nick Young,201156
KJ Martin,1630231
Greg Smith,202962
Jordan Hamilton,202706
Lawrence Roberts,101160
Jalen Green,1630224
Dan Dickau,2424
Tony Snell,203503
Miles Plumlee,203101
Kelly Oubre Jr.,1626162
Jaden Ivey,1631093
Felton Spencer,280
Desmond Mason,2046
Jake Voskuhl,2063
E'Twaun Moore,202734
Eldridge Recasner,695
Ryan Gomes,101155
Derek Harper,157
Ziaire Williams,1630533
Brandon Bass,101138
Stanley Johnson,1626169
Isaiah Livers,1630587
Taurean Prince,1627752
Jaxson Hayes,1629637
Kenny Thomas,1903
Gary Trent Jr.,1629018
Kendrick Nunn,1629134
Doug Overton,77
Chris Morris,356
Jordan Goodwin,1630692
D.J. Augustin,201571
Yuta Watanabe,1629139
Maurice Harkless,203090
Sterling Brown,1628425
Moritz Wagner,1629021
Eric Murdock,785
Terry Rozier,1626179
Gary Clark,1629109
Eric Maynor,201953
Michael Cage,262
Vasilije Micic,203995
Darvin Ham,1032
Reggie Slater,1073
Jayson Williams,420
Jericho Sims,1630579
Jason Williams,1715
Sam Jacobson,1734
Carl Landry,201171
Juwan Howard,436
Charlie Villanueva,101111
Lester Hudson,201991
Jeff Adrien,202399
Cal Bowdler,1898
Dion Glover,1901
Brian Shaw,216
Ryan Arcidiacono,1627853
Chris Douglas-Roberts,201604
Howard Eisley,458
Treveon Graham,1626203
Malik Rose,990
Cedric Henderson,1538
Josh Childress,2735
Duane Washington Jr.,1630613
Lamar Stevens,1630205
Corey Beck,1133
Evan Turner,202323
Otis Thorpe,901
Julian Champagnie,1630577
T.J. Leaf,1628388
Corey Kispert,1630557
Jerome Robinson,1629010
Dante Cunningham,201967
Chimezie Metu,1629002
Travis Knight,969
Flip Murray,2436
Chris Wilcox,2404
Alexis Ajinca,201582
Gerard King,1562
Glen Davis,201175
Timothe Luwawu-Cabarrot,1627789
Jason Kapono,2574
Randy Foye,200751
Noah Vonleh,203943
Kevin Ollie,1563
Bill Wennington,82
Armoni Brooks,1629717
Jan Vesely,202686
Marcus Thornton,201977
Nerlens Noel,203457
Tarence Kinsey,200814
Tim Frazier,204025
Corie Blount,916
Sonny Weems,201603
Robert Sacre,203135
Luke Ridnour,2557
Troy Daniels,203584
Brandon Davies,203561
Elliot Perry,386
Sundiata Gaines,202178
Smush Parker,2470
Doug West,28
Alvin Williams,1541
Mark Bryant,95
Allonzo Trier,1629019
Wang Zhi-zhi,1917
Tyler Dorsey,1628416
Eddie House,2067
Mindaugas Kuzminskas,1627851
Lonny Baxter,2437
Acie Law,201151
Omer Yurtseven,1630209
Damyean Dotson,1628422
Jarrett Culver,1629633
Zeke Nnaji,1630192
DeSagana Diop,2205
Jordan Crawford,202348
Jerian Grant,1626170
Saben Lee,1630240
Facundo Campazzo,1630267
Bruno Caboclo,203998
Jackson Vroman,2761
Ty Jerome,1629660
Dajuan Wagner,2402
Terry Taylor,1630678
Kent Bazemore,203145
J.R. Reid,462
Chris Herren,1914
Matt Carroll,2679
Jeremy Evans,202379
Nate Wolters,203489
Sam Mitchell,417
Michael Ruffin,1913
Jared Butler,1630215
Deyonta Davis,1627738
Alexander Johnson,200792
Marcelo Huertas,1626273
Paul Zipser,1627835
Sasha Danilovic,390
Shake Milton,1629003
Tristan Thompson,202684
David Wingate,766
Kendall Marshall,203088
Amir Coffey,1629599
Jordan Hawkins,1641722
Antonio Blakeney,1628469
Junior Harrington,2454
Henry Ellenson,1627740
Anthony Black,1641710
Michael Smith,63
Aaron Brooks,201166
Matt Ryan,1630346
Doug McDermott,203926
Terry Dehere,143
Travis Outlaw,2566
Craig Smith,200783
Austin Daye,201948
Brandon Rush,201575
Vitaly Potapenko,958
Jake Layman,1627774
Kwame Brown,2198
Stanley Roberts,914
Davion Mitchell,1630558
Daishen Nix,1630227
Jon Leuer,202720
Slava Medvedenko,2098
Alex Len,203458
Tony Smith,380
Lou Amundson,200811
Antoine Wright,101120
Peyton Watson,1631212
Mo Bamba,1628964
Ian Clark,203546
Oscar Torres,2351
Linton Johnson,2669
Sam Merrill,1630241
Max Christie,1631108
J.R. Bremer,2452
Cole Aldrich,202332
Kevin Willis,788
Jason Smith,201160
Danny Fortson,1504
Cedric Ceballos,76
Aleksej Pokusevski,1630197
Bruno Fernando,1628981
Viktor Khryapa,2751
DeAndre' Bembry,1627761
Pooh Richardson,71
Shelden Williams,200749
Bill Curley,223
Darko Milicic,2545
Will Barton,203115
O.J. Mayo,201564
Justin Anderson,1626147
Gary Forbes,201814
Bryant Reeves,735
Jeremiah Robinson-Earl,1630526
Oliver Miller,932
Kris Humphries,2743
Mardy Collins,200776
Thomas Bryant,1628418
Hollis Thompson,203138
Tariq Abdul-Wahad,1505
Ivan Rabb,1628397
Sebastian Telfair,2742
Grayson Allen,1628960
Jarrett Jack,101127
Jaden Hardy,1630702
Derrick Brown,201974
Trendon Watford,1630570
Bernard Robinson,2774
Dalano Banton,1630625
Donnell Harvey,2051
DJ Mbenga,2788
Shammond Williams,1742
Sarunas Jasikevicius,101180
Paul McPherson,2101
Malik Monk,1628370
Donald Royal,140
Lonnie Walker IV,1629022
D.J. Wilson,1628391
Lorenzen Wright,953
Justin Jackson,1628382
Mark Strickland,1110
PJ Hairston,203798
Todd Fuller,957
Bryant Stith,179
Armen Gilliam,288
Tyrone Nesby,1838
Jahidi White,1751
Jeff McInnis,976
Anthony Randolph,201576
Jeremy Tyler,202719
Brooks Thompson,240
Jason Hart,2078
Bryn Forbes,1627854
Harry Giles III,1628385
Clar. Weatherspoon,221
Jerryd Bayless,201573
Andrew Lang,457
Javaris Crittenton,201159
Usman Garuba,1630586
Glenn Robinson III,203922
Kyle Kuzma,1628398
Will Solomon,2226
Mark Pope,998
Rasual Butler,2446
Spencer Hawes,201150
Chris Carr,713
Kyle Weaver,201602
Daniel Santiago,2091
Marreese Speights,201578
Nicolo Melli,1629740
Nazr Mohammed,1737
Rodney Carney,200760
Kris Murray,1631200
Lamond Murray,441
Mark Davis,707
Mark Hendrickson,971
Alfonzo McKinnie,1628035
Keita Bates-Diop,1628966
Michael Curry,688
Jimmer Fredette,202690
Brian Roberts,203148
Loren Woods,2254
Dahntay Jones,2563
Malaki Branham,1631103
Earl Boykins,1863
Sean Williams,201157
Samardo Samuels,202396
Marcus Sasser,1631204
Adam Morrison,200747
Stromile Swift,2031
Qyntel Woods,2417
Laron Profit,1919
Vladimir Stepania,1735
Emmanuel Mudiay,1626144
John Lucas III,101249
Brandon Miller,1641706
Calvin Booth,1916
Ryan Hollins,200797
Wayne Selden,1627782
David Roddy,1631223
Keon Ellis,1631165
Troy Murphy,2211
Brandon Knight,202688
Troy Hudson,1607
Ivano Newbill,1096
Luke Harangody,202376
B.J. Armstrong,769
Roshown McLeod,1728
Jerome Moiso,2040
Rafael Araujo,2737
LaPhonso Ellis,111
Cory Alexander,724
Thon Maker,1627748
Semi Ojeleye,1628400
Moses Brown,1629650
Quincy Lewis,1900
Aaron Williams,1425
Doron Lamb,203117
Tyler Hansbrough,201946
Dwayne Bacon,1628407
Nik Stauskas,203917
Dylan Windler,1629685
Anthony Goldwire,924
Keith McLeod,2693
Joe Wolf,341
Hubert Davis,93
Terrance Ferguson,1628390
Tom Hammonds,67
Monty Williams,42
Rex Walters,777
Marc Jackson,1531
Juan Dixon,2413
Aaron Gray,201189
Zan Tabak,440
Tyronn Lue,1731
Vincent Askew,355
Andre Barrett,2857
Thanasis Antetokounmpo,203648
Lance Thomas,202498
Willie Green,2584
Ricky Davis,1729
Josh Boone,200767
Ky Bowman,1629065
Devin Brown,2484
Manny Harris,202412
Mark Blount,1548
Derrick Williams,202682
Duane Ferrell,273
Bismack Biyombo,202687
Courtney Alexander,2042
Marcus Banks,2556
Martin Muursepp,982
Rashad Vaughn,1626173
Jeff Green,201145
DeShawn Stevenson,2052
Norman Powell,1626181
Kareem Rush,2416
Scoot Henderson,1630703
Drew Gooden,2400
Gary Neal,202390
Ron Mercer,1500
Brian Evans,967
Jonny Flynn,201938
Oleksiy Pecherov,200762
Drew Eubanks,1629234
Christian Eyenga,201963
Brian Skinner,1730
Rodney White,2206
Carl Herrera,61
Ira Newble,1956
Jiri Welsch,2412
Predrag Drobnjak,1542
Tyler Cook,1629076
Eugene Omoruyi,1630647
Sean Rooks,399
Omari Spellman,1629016
Haywood Highsmith,1629312
Shannon Brown,200769
Bryce McGowens,1631121
Andrea Bargnani,200745
Collin Sexton,1629012
Etan Thomas,2041
Eric Paschall,1629672
A.J. Guyton,2062
Jonathan Bender,1886
Sean Kilpatrick,203930
Chris Anstey,1512
Perry Jones III,203103
Greg Stiemsma,201880
Lee Nailon,1924
Kostas Papanikolaou,203123
Chris Mihm,2036
Cam Reddish,1629629
Markel Brown,203900
CJ Elleby,1629604
Hanno Mottola,2069
Gary Trent,718
Andrew Nicholson,203094
Elie Okobo,1629059
Bostjan Nachbar,2411
Jared Cunningham,203099
Terrence Jones,203093
Trayce Jackson-Davis,1631218
Quincy Douby,200763
Frank Mason III,1628412
Thomas Robinson,203080
Ike Austin,1134
Josh Jackson,1628367
Nick Richards,1630208
Justin Reed,2770
Victor Claver,201964
Trenton Hassell,2239
Michael Olowokandi,1709
Bobby Jones,200784
DJ White,201591
Fred Jones,2410
Jordan Nwora,1629670
Henry James,1080
Chris Crawford,1544
Cedi Osman,1626224
Sandro Mamukelashvili,1630572
Charles Smith,1520
Terence Morris,2242
Marty Conlon,55
Shabazz Muhammad,203498
Vit Krejci,1630249
Jason Caffey,679
Chasson Randle,1626184
Killian Hayes,1630165
Shane Larkin,203499
Isaiah Canaan,203477
Chandler Hutchison,1628990
Chuma Okeke,1629643
Rumeal Robinson,716
John Jenkins,203098
Ronald Dupree,2648
Mario Hezonja,1626209
Eddy Curry,2201
James Robinson,381
Orlando Johnson,203111
Juan Carlos Navarro,2434
Marquese Chriss,1627737
Jordan Hill,201941
Malik Allen,2124
Ed O'Bannon,709
Keith Closs,1569
Zoran Planinic,2565
Nikoloz Tskitishvili,2401
Cheick Diallo,1627767
Jacque Vaughn,1521
Kevin Seraphin,202338
Torrey Craig,1628470
Troy Williams,1627786
Dan Langhi,2061
Keyonte George,1641718
Lorenzo Brown,203485
DaQuan Jeffries,1629610
Ryan Humphrey,2415
Chris Jefferies,2423
Charles Jenkins,202724
Milt Palacio,1960
Davon Reed,1628432
Royal Ivey,2767
Cam Thomas,1630560
Ansu Sesay,1738
Rony Seikaly,938
Gerald Wilkins,786
Hilton Armstrong,200756
Tony Wroten,203100
Mike Batiste,2471
Art Long,1609
Bimbo Coles,902
Quinn Cook,1626188
Terrence Williams,201944
Stojko Vrankovic,1037
Randy Brown,753
Nando De Colo,201986
Patrick McCaw,1627775
Michael Stewart,1565
Malachi Flynn,1630201
Will Bynum,101198
Lawrence Funderburke,1444
Maurice Taylor,1508
Alonzo Gee,202087
Darius Bazley,1629647
Antonio Lang,226
Corey Benjamin,1736
MarJon Beauchamp,1630699
Larry Robinson,1683
Isaiah Roby,1629676
Robert Swift,2741
Semih Erden,201623
Henry Sims,203156
Ben Uzoh,202386
John Henson,203089
Roy Rogers,964
Primoz Brezec,2056
Vlatko Cancar,1628427
Skylar Mays,1630219
Reggie Williams,202130
Robert Pack,123
Mateen Cleaves,2043
Dean Garrett,1051
Jerome Allen,706
Jeffery Taylor,203106
Darius Morris,202721
Yi Jianlian,201146
Josh Christopher,1630528
Joffrey Lauvergne,203530
Theo Maledon,1630177
Ignas Brazdeikis,1629649
Shawn Respert,704
Kenny Satterfield,2261
Sam Young,201970
Steven Hunter,2212
Cherokee Parks,685
Don MacLean,931
Theo Pinson,1629033
Johnny Davis,1631098
Curtis Borchardt,2414
Adonal Foyle,1502
Marcus Fizer,2033
Joe Kleine,170
Blake Wesley,1631104
Jake LaRavia,1631222
Maciej Lampe,2573
Admiral Schofield,1629678
Adrian Caldwell,154
Alan Henderson,673
Pete Chilcutt,432
Caleb Swanigan,1628403
Damien Wilkins,2863
Orien Greene,101158
Carlos Rogers,435
Clifford Rozier,32
Cristiano Felicio,1626245
Charles Smith,1520
Jacob Gilyard,1631367
Dominic McGuire,201187
Brandon Goodwin,1629164
Zarko Cabarkapa,2560
DeAndre Liggins,202732
Lawrence Moten,734
Norris Cole,202708
Tony Massenburg,763
Al Thornton,201154
Greg Anderson,246
Kevin Knox II,1628995
Adreian Payne,203940
R.J. Hampton,1630181
Abdel Nader,1627846
Rusty LaRue,1601
Earl Barron,2853
Jawad Williams,101214
Keon Johnson,1630553
Donald Sloan,202388
Jaden Springer,1630531
Loy Vaught,919
Brandon Boston Jr.,1630527
Ike Diogu,101113
Dickey Simpkins,54
Damian Jones,1627745
Chris Porter,2084
Acie Earl,768
Chris Robinson,997
Trey Jemison,1641998
Chris Johnson,203187
Mamadou N'diaye,2055
Darnell Jackson,201616
Elliot Williams,202343
Eddie Gill,2109
Joe Young,1626202
Jeremy Pargo,202951
Archie Goodwin,203462
Bilal Coulibaly,1641731
Michael Bradley,2214
Rodney Buford,1934
Diante Garrett,203197
John Amaechi,680
JJ Hickson,201581
Solomon Jones,200780
Anthony Bennett,203461
Johnny O'Bryant III,203948
Marquis Teague,203104
Eric Washington,1540
William Avery,1895
Reggie Williams,202130
Jacob Evans,1628980
Tierre Brown,2357
Kornel David,1600
Eric Montross,376
Marcus Williams,200766
Duane Causwell,190
Jelani McCoy,1741
Justin Hamilton,203120
Kenny Smith,181
Sean Marks,1752
Rodrick Rhodes,1518
Samaki Walker,955
Jeryl Sasser,2219
Jabari Smith,2074
Jason Collier,2044
Charles R. Jones,1869
Jermaine Taylor,201966
Jahlil Okafor,1626143
Bobby Brown,201628
Greg Foster,323
Zendon Hamilton,1985
James Wiseman,1630164
Jermaine Jackson,1983
Vonteego Cummings,1907
Gradey Dick,1641711
Sharone Wright,412
Pat Burke,2469
John Wallace,961
Johan Petro,101130
Loren Meyer,684
Earl Clark,201947
David Vaughn,710
Hakim Warrick,101124
Josh Powell,2694
Briante Weber,1627362
Byron Mullens,201957
